Question,Answer
What is VA disability compensation?,VA disability compensation offers monthly tax-free payments to Veterans who were sick or injured while serving in the military or whose service worsened an existing condition.
Who is eligible for VA disability benefits?,Veterans with presumptive disabilities or other service-connected conditions may be eligible for VA disability benefits.
How can one apply for VA disability compensation?,"Veterans can file a claim for disability compensation online, by phone, or by mail."
Can a Veteran's family members receive VA disability benefits?,"Yes, in some cases, family members of a Veteran may be eligible to receive certain benefits."
What are the steps involved in managing a VA disability appeal?,"The process involves requesting a decision review, submitting evidence, and potentially attending a hearing."
Can a Veteran apply for disability benefits for a chronic illness?,"Yes, Veterans can apply for benefits for chronic illnesses if these are connected to their service."
What does 'service-connected' mean in terms of VA disability?,'Service-connected' refers to illnesses or injuries that were incurred or aggravated during military service.
How long does it take to get a decision on a VA disability claim?,The decision time for a VA disability claim can vary based on the complexity of the claim.
What should a Veteran do if they disagree with a VA disability decision?,Veterans can request a decision review or appeal if they disagree with the disability decision.
Can a Veteran receive VA disability benefits for conditions that developed after service?,"Yes, benefits can be granted for conditions that developed post-service if linked to military service."
How does the VA determine the amount of disability compensation?,The VA considers factors like severity of disabilities and number of dependents in determining compensation.
Can a Veteran work while receiving VA disability benefits?,"Yes, Veterans can work while receiving VA disability benefits, with some limitations for certain ratings."
What is the maximum VA disability rating a Veteran can receive?,"The maximum disability rating is 100%, indicating total disability."
How does a Veteran's discharge status affect eligibility for VA disability benefits?,"Discharge status can impact eligibility; generally, a dishonorable discharge may disqualify a Veteran."
Can National Guard or Reserve members qualify for VA disability benefits?,Members of the National Guard or Reserve may qualify if their disabilities are service-connected.
Are VA disability benefits retroactive?,Some benefits may be retroactive to the date of the claim or date of discharge.
Can a Veteran receive both VA disability compensation and Social Security disability benefits?,"Yes, Veterans can receive both types of benefits concurrently."
How often are VA disability ratings re-evaluated?,"Ratings are re-evaluated periodically, especially if the condition is expected to improve."
What is the process for increasing a VA disability rating?,Veterans can file a claim for an increased rating if their medical condition has worsened.
Can a Veteran appeal a VA disability rating decision?,"Yes, decisions on disability ratings can be appealed through the VA decision review process."
What documents are needed to file a VA disability claim?,"Documents like service records, medical evidence, and discharge or separation papers are needed."
Is there a deadline for filing a VA disability claim?,"There's no strict deadline, but filing sooner ensures earlier access to potential benefits."
What is a presumptive disability for VA benefits?,Presumptive disabilities are certain conditions assumed to be service-connected for specific groups of Veterans.
How can a Veteran prove a service connection for a disability?,Evidence like service records and medical reports can be used to establish a service connection.
Can a Veteran receive VA disability benefits for mental health conditions?,"Yes, mental health conditions like PTSD can qualify for VA disability benefits."
What is a VA disability effective date and why is it important?,The effective date is crucial as it determines when benefits start and may affect back pay.
How can a Veteran change their direct deposit information for VA disability payments?,Veterans can update their direct deposit information through the VA website or by phone.
What should a Veteran expect during a VA claim exam?,"During a VA claim exam, medical evaluations are conducted to assess the severity of the disability."
Can a Veteran's family members receive VA disability benefits?,"In some cases, family members can receive benefits like educational assistance or survivor benefits."
What are the steps involved in managing a VA disability appeal?,"The process involves filing for a review, providing additional evidence, and possibly attending a hearing."